clip_pair_cosdist,clip_var,dino_pair_cosdist,dino_var,lpips_pair,latent_mse_pair,pixel_mse_pair,clip_dist_to_ref,dino_dist_to_ref,lpips_to_ref,class_id,mode,k,noise_type,t_frac,t_idx,start_idx
0.1489683836698532,0.1397225707769394,0.48816314339637756,0.4576572775840759,0.6823636293411255,1.4027655124664307,0.14824746549129486,0.183522030711174,0.508547306060791,0.6597217321395874,207,denoise,0,gaussian,0.1,224,224
0.007659074384719133,0.007233771029859781,0.022427188232541084,0.02102731540799141,0.07098186016082764,0.0439898744225502,0.004768264479935169,0.164308100938797,0.4707149863243103,0.686049222946167,207,perturb,1,gaussian,0.1,224,225
0.015620872378349304,0.014571775682270527,0.032373588532209396,0.030346781015396118,0.08920781314373016,0.0637555718421936,0.0064834002405405045,0.16911903023719788,0.46518465876579285,0.6829835772514343,207,perturb,2,gaussian,0.1,224,226
0.05853315442800522,0.05491849035024643,0.1928783506155014,0.18082982301712036,0.3114490807056427,0.3103705048561096,0.027192402631044388,0.17539168894290924,0.482552707195282,0.6830288767814636,207,perturb,5,gaussian,0.1,224,229
0.12028516083955765,0.11279575526714325,0.4067358672618866,0.3813175559043884,0.6429228782653809,1.221125841140747,0.11012808978557587,0.17898038029670715,0.49436232447624207,0.6240780353546143,207,denoise,0,gaussian,0.3,174,174
0.03295423835515976,0.030887488275766373,0.2054409384727478,0.19259324669837952,0.31184250116348267,0.2785533368587494,0.027984099462628365,0.15125328302383423,0.43981465697288513,0.608504056930542,207,perturb,1,gaussian,0.3,174,175
0.05368497222661972,0.050321873277425766,0.279924213886261,0.2624257504940033,0.3565748333930969,0.34216538071632385,0.03374417498707771,0.1554691046476364,0.4242117404937744,0.6094411611557007,207,perturb,2,gaussian,0.3,174,176
0.07554265856742859,0.07082529366016388,0.32348188757896423,0.30325746536254883,0.45178619027137756,0.5292348861694336,0.055066127330064774,0.1630597710609436,0.4358718693256378,0.6049475073814392,207,perturb,5,gaussian,0.3,174,179
0.16456815600395203,0.15422344207763672,0.31742313504219055,0.29758113622665405,0.4583192467689514,0.8004745244979858,0.04608083888888359,0.1550820767879486,0.3648582994937897,0.4340711236000061,207,denoise,0,gaussian,0.5,124,124
0.05456193536520004,0.05118232220411301,0.11844216287136078,0.11103807389736176,0.21925778687000275,0.204466313123703,0.016404669731855392,0.13348478078842163,0.41293978691101074,0.4302772581577301,207,perturb,1,gaussian,0.5,124,125
0.08877212554216385,0.08318427205085754,0.186029851436615,0.17440827190876007,0.2934211194515228,0.278954416513443,0.023183466866612434,0.1257096230983734,0.3867992162704468,0.42907845973968506,207,perturb,2,gaussian,0.5,124,126
0.10127545148134232,0.09494522213935852,0.27998626232147217,0.26249760389328003,0.35957300662994385,0.3698626458644867,0.03251570090651512,0.13001787662506104,0.3780179023742676,0.44716522097587585,207,perturb,5,gaussian,0.5,124,129
0.056696441024541855,0.053089819848537445,0.17631277441978455,0.16527646780014038,0.24699687957763672,0.4251249432563782,0.01567625254392624,0.04975353926420212,0.15362083911895752,0.23698322474956512,207,denoise,0,gaussian,0.7,75,75
0.08818896114826202,0.08267343044281006,0.08285549283027649,0.07767694443464279,0.09276751428842545,0.04482271894812584,0.0029365173541009426,0.09922569990158081,0.18488994240760803,0.25828468799591064,207,perturb,1,gaussian,0.7,75,76
0.09565559029579163,0.08970916271209717,0.09444685280323029,0.08854464441537857,0.11805059760808945,0.061659738421440125,0.004070809576660395,0.10058864951133728,0.18776972591876984,0.26354914903640747,207,perturb,2,gaussian,0.7,75,77
0.09744436293840408,0.09134796261787415,0.11086402833461761,0.1039506122469902,0.1569625437259674,0.09368985146284103,0.006329767405986786,0.10178111493587494,0.19973719120025635,0.271582692861557,207,perturb,5,gaussian,0.7,75,80
0.019263580441474915,0.01808675192296505,0.06374625116586685,0.05975548177957535,0.11743072420358658,0.10953725874423981,0.004748847801238298,0.015134837478399277,0.060098446905612946,0.11750553548336029,207,denoise,0,gaussian,0.9,25,25
0.003870053216814995,0.0036309428978711367,0.009402299299836159,0.008821164257824421,0.018063966184854507,0.007089982740581036,0.0004507272969931364,0.012757383286952972,0.05902846157550812,0.11862140893936157,207,perturb,1,gaussian,0.9,25,26
0.007662477437406778,0.007158048450946808,0.014879406429827213,0.013952763751149178,0.029584595933556557,0.013899240642786026,0.0008031901670619845,0.013828776776790619,0.06130637601017952,0.12086205929517746,207,perturb,2,gaussian,0.9,25,27
0.014178820885717869,0.01323497574776411,0.02505628950893879,0.023485153913497925,0.05398140102624893,0.03307286277413368,0.0016336864791810513,0.01683083549141884,0.07012877613306046,0.1274750977754593,207,perturb,5,gaussian,0.9,25,30
0.07626289129257202,0.071509450674057,0.286868155002594,0.2689259648323059,0.7246928215026855,1.5900241136550903,0.18468308448791504,0.0969347432255745,0.37676894664764404,0.7221815586090088,88,denoise,0,gaussian,0.1,224,224
0.012367635034024715,0.01151819247752428,0.024166179820895195,0.022646235302090645,0.10126786679029465,0.07988304644823074,0.008050604723393917,0.09237706661224365,0.4116099774837494,0.7256754636764526,88,perturb,1,gaussian,0.1,224,225
0.00985033717006445,0.009203977882862091,0.026239566504955292,0.024610798805952072,0.11826542019844055,0.09264577925205231,0.009836478158831596,0.08859778940677643,0.405393123626709,0.7249019145965576,88,perturb,2,gaussian,0.1,224,226
0.010678855702280998,0.010017083957791328,0.027497541159391403,0.02576427534222603,0.14315228164196014,0.1256239414215088,0.014743559993803501,0.09389983117580414,0.396301805973053,0.7265832424163818,88,perturb,5,gaussian,0.1,224,229
0.08996450901031494,0.08438530564308167,0.29248735308647156,0.2742149233818054,0.7068164944648743,1.3648613691329956,0.13299572467803955,0.09244228899478912,0.38000521063804626,0.6758158802986145,88,denoise,0,gaussian,0.3,174,174
0.004453971982002258,0.004091149196028709,0.014469940215349197,0.013565114699304104,0.04984908178448677,0.047690313309431076,0.005560724064707756,0.061161164194345474,0.34727320075035095,0.6734621524810791,88,perturb,1,gaussian,0.3,174,175
0.014321663416922092,0.013447055593132973,0.04071878269314766,0.038164012134075165,0.15812672674655914,0.21915148198604584,0.023458167910575867,0.06534014642238617,0.3414490818977356,0.6684168577194214,88,perturb,2,gaussian,0.3,174,176
0.02831880748271942,0.026514234021306038,0.08893653750419617,0.08336781710386276,0.30233538150787354,0.494310200214386,0.055806584656238556,0.06874264031648636,0.3414091467857361,0.6776935458183289,88,perturb,5,gaussian,0.3,174,179
0.03840583935379982,0.03599710389971733,0.1084882915019989,0.10169714689254761,0.32587409019470215,0.653867244720459,0.047124870121479034,0.03348790854215622,0.10583524405956268,0.32186922430992126,88,denoise,0,gaussian,0.5,124,124
0.014225471764802933,0.013244057074189186,0.03981510177254677,0.03731933981180191,0.09257466346025467,0.0909508690237999,0.00735988887026906,0.03560401126742363,0.10690531879663467,0.30884477496147156,88,perturb,1,gaussian,0.5,124,125
0.020420121029019356,0.019149452447891235,0.054372143000364304,0.0509655699133873,0.13504238426685333,0.14421145617961884,0.011256256140768528,0.03941164165735245,0.10669958591461182,0.3164813816547394,88,perturb,2,gaussian,0.5,124,126
0.030136076733469963,0.02814563363790512,0.06331588327884674,0.05935882776975632,0.2102220058441162,0.2611430287361145,0.020106634125113487,0.0423065610229969,0.10804662108421326,0.3380018174648285,88,perturb,5,gaussian,0.5,124,129
0.020947013050317764,0.01963719353079796,0.05553864315152168,0.05207319185137749,0.1986512988805771,0.33448389172554016,0.01977512426674366,0.021034959703683853,0.0678008422255516,0.2133101224899292,88,denoise,0,gaussian,0.7,75,75
0.007316519506275654,0.006873416248708963,0.015829704701900482,0.014827532693743706,0.04695485532283783,0.029477326199412346,0.002505915705114603,0.024112697690725327,0.0736185610294342,0.22004243731498718,88,perturb,1,gaussian,0.7,75,76
0.010129895061254501,0.009542751125991344,0.020705051720142365,0.01940372958779335,0.06439460813999176,0.04372045397758484,0.00376612925902009,0.02536902204155922,0.07643186300992966,0.2276623547077179,88,perturb,2,gaussian,0.7,75,77
0.013481572270393372,0.012639402411878109,0.029134901240468025,0.0273121427744627,0.0931597650051117,0.0727158710360527,0.006195301655679941,0.025946564972400665,0.07796633243560791,0.24096274375915527,88,perturb,5,gaussian,0.7,75,80
0.009627464227378368,0.009066802449524403,0.02907378226518631,0.02725842595100403,0.09615998715162277,0.0926424041390419,0.006363243795931339,0.01263076439499855,0.033847227692604065,0.1016777902841568,88,denoise,0,gaussian,0.9,25,25
0.001587016973644495,0.0014929783064872026,0.004240944515913725,0.003976684063673019,0.01306979637593031,0.006199436727911234,0.0006314054480753839,0.007236730307340622,0.03251661732792854,0.10360981523990631,88,perturb,1,gaussian,0.9,25,26
0.002489983569830656,0.00234035961329937,0.007211748510599136,0.006762370467185974,0.0222623273730278,0.012012522667646408,0.0011527725728228688,0.007206760346889496,0.031715452671051025,0.10592782497406006,88,perturb,2,gaussian,0.9,25,27
0.004754642490297556,0.004503688775002956,0.011921125464141369,0.011184237897396088,0.04369257017970085,0.028234979137778282,0.0024735000915825367,0.007986724376678467,0.033548206090927124,0.11656789481639862,88,perturb,5,gaussian,0.9,25,30
